id,timestamp,grade,event_key,error_category
540d27ec01ef2ffcf9c7b9b4fa5104da,Oct_30_2020_22:24:52.ml,0,grade,"[ Loading the prelude. ]
[K[ Preparing the test environment. ]
[K[ Loading your code. ]
[K[ Loading the solution. ]
[K[ Preparing to launch the tests. ]
[K[ Launching the test bench. ]
[K[ Grading exercise: control flow and backtracking. ]
[K"
540d27ec01ef2ffcf9c7b9b4fa5104da,Oct_30_2020_22:28:13.ml,0,grade,"[ Loading the prelude. ]
[K[ Preparing the test environment. ]
[K[ Loading your code. ]
[K[ Loading the solution. ]
[K[ Preparing to launch the tests. ]
[K[ Launching the test bench. ]
[K[ Grading exercise: control flow and backtracking. ]
[K"
540d27ec01ef2ffcf9c7b9b4fa5104da,Oct_30_2020_22:17:37.ml,0,grade,"[ Loading the prelude. ]
[K[ Preparing the test environment. ]
[K[ Loading your code. ]
[K[ Loading the solution. ]
[K[ Preparing to launch the tests. ]
[K[ Launching the test bench. ]
[K[ Grading exercise: control flow and backtracking. ]
[K"
540d27ec01ef2ffcf9c7b9b4fa5104da,Oct_30_2020_22:19:33.ml,0,grade,"[ Loading the prelude. ]
[K[ Preparing the test environment. ]
[K[ Loading your code. ]
[K[ Loading the solution. ]
[K[ Preparing to launch the tests. ]
[K[ Launching the test bench. ]
[K[ Grading exercise: control flow and backtracking. ]
[K"
540d27ec01ef2ffcf9c7b9b4fa5104da,Oct_30_2020_22:23:21.ml,0,grade,"[ Loading the prelude. ]
[K[ Preparing the test environment. ]
[K[ Loading your code. ]
[K[ Loading the solution. ]
[K[ Preparing to launch the tests. ]
[K[ Launching the test bench. ]
[K[ Grading exercise: control flow and backtracking. ]
[K"
540d27ec01ef2ffcf9c7b9b4fa5104da,Oct_30_2020_22:24:24.ml,0,grade,"[ Loading the prelude. ]
[K[ Preparing the test environment. ]
[K[ Loading your code. ]
[K[ Loading the solution. ]
[K[ Preparing to launch the tests. ]
[K[ Launching the test bench. ]
[K[ Grading exercise: control flow and backtracking. ]
[K"
540d27ec01ef2ffcf9c7b9b4fa5104da,Oct_30_2020_22:27:48.ml,0,grade,"[ Loading the prelude. ]
[K[ Preparing the test environment. ]
[K[ Loading your code. ]
[K[ Loading the solution. ]
[K[ Preparing to launch the tests. ]
[K[ Launching the test bench. ]
[K[ Grading exercise: control flow and backtracking. ]
[K"
540d27ec01ef2ffcf9c7b9b4fa5104da,Oct_30_2020_22:18:32.ml,0,grade,"[ Loading the prelude. ]
[K[ Preparing the test environment. ]
[K[ Loading your code. ]
[K[ Loading the solution. ]
[K[ Preparing to launch the tests. ]
[K[ Launching the test bench. ]
[K[ Grading exercise: control flow and backtracking. ]
[K"
540d27ec01ef2ffcf9c7b9b4fa5104da,Oct_30_2020_22:22:19.ml,0,grade,"[ Loading the prelude. ]
[K[ Preparing the test environment. ]
[K[ Loading your code. ]
[K[ Loading the solution. ]
[K[ Preparing to launch the tests. ]
[K[ Launching the test bench. ]
[K[ Grading exercise: control flow and backtracking. ]
[K"
540d27ec01ef2ffcf9c7b9b4fa5104da,Oct_30_2020_22:22:52.ml,0,grade,"[ Loading the prelude. ]
[K[ Preparing the test environment. ]
[K[ Loading your code. ]
[K[ Loading the solution. ]
[K[ Preparing to launch the tests. ]
[K[ Launching the test bench. ]
[K[ Grading exercise: control flow and backtracking. ]
[K"
bd7b36bfe8d66f18eea48cca06a2e4e2,Oct_31_2020_02:55:08.ml,0,grade,"[ Loading the prelude. ]
[K[ Preparing the test environment. ]
[K[ Loading your code. ]
[K[ Loading the solution. ]
[K[ Preparing to launch the tests. ]
[K[ Launching the test bench. ]
[K[ Grading exercise: control flow and backtracking. ]
[K"
bd7b36bfe8d66f18eea48cca06a2e4e2,Oct_31_2020_03:13:01.ml,0,grade,"[ Loading the prelude. ]
[K[ Preparing the test environment. ]
[K[ Loading your code. ]
[K[ Loading the solution. ]
[K[ Preparing to launch the tests. ]
[K[ Launching the test bench. ]
[K[ Grading exercise: control flow and backtracking. ]
[K"
bd7b36bfe8d66f18eea48cca06a2e4e2,Oct_31_2020_02:59:26.ml,0,grade,"[ Loading the prelude. ]
[K[ Preparing the test environment. ]
[K[ Loading your code. ]
[K[ Loading the solution. ]
[K[ Preparing to launch the tests. ]
[K[ Launching the test bench. ]
[K[ Grading exercise: control flow and backtracking. ]
[K"
bd7b36bfe8d66f18eea48cca06a2e4e2,Oct_31_2020_03:19:44.ml,0,grade,"[ Loading the prelude. ]
[K[ Preparing the test environment. ]
[K[ Loading your code. ]
[K[ Loading the solution. ]
[K[ Preparing to launch the tests. ]
[K[ Launching the test bench. ]
[K[ Grading exercise: control flow and backtracking. ]
[K"
bd7b36bfe8d66f18eea48cca06a2e4e2,Oct_31_2020_03:01:49.ml,0,grade,"[ Loading the prelude. ]
[K[ Preparing the test environment. ]
[K[ Loading your code. ]
[K[ Loading the solution. ]
[K[ Preparing to launch the tests. ]
[K[ Launching the test bench. ]
[K[ Grading exercise: control flow and backtracking. ]
[K"
41ae1961ad83962e7022b1b5114cc9df,Oct_30_2020_21:01:13.ml,0,grade,"[ Loading the prelude. ]
[K[ Preparing the test environment. ]
[K[ Loading your code. ]
[K[ Loading the solution. ]
[K[ Preparing to launch the tests. ]
[K[ Launching the test bench. ]
[K[ Grading exercise: control flow and backtracking. ]
[K"
41ae1961ad83962e7022b1b5114cc9df,Oct_30_2020_21:09:57.ml,0,grade,"[ Loading the prelude. ]
[K[ Preparing the test environment. ]
[K[ Loading your code. ]
[K[ Loading the solution. ]
[K[ Preparing to launch the tests. ]
[K[ Launching the test bench. ]
[K[ Grading exercise: control flow and backtracking. ]
[K"
41ae1961ad83962e7022b1b5114cc9df,Oct_30_2020_20:59:53.ml,0,grade,"[ Loading the prelude. ]
[K[ Preparing the test environment. ]
[K[ Loading your code. ]
[K[ Loading the solution. ]
[K[ Preparing to launch the tests. ]
[K[ Launching the test bench. ]
[K[ Grading exercise: control flow and backtracking. ]
[K"
41ae1961ad83962e7022b1b5114cc9df,Oct_30_2020_21:28:07.ml,0,grade,"[ Loading the prelude. ]
[K[ Preparing the test environment. ]
[K[ Loading your code. ]
[K[ Loading the solution. ]
[K[ Preparing to launch the tests. ]
[K[ Launching the test bench. ]
[K[ Grading exercise: control flow and backtracking. ]
[K"
a2eb88d37ac1790a9749b7799df911aa,Oct_26_2020_18:29:03.ml,0,grade,"[ Loading the prelude. ]
[K[ Preparing the test environment. ]
[K[ Loading your code. ]
[K[ Loading the solution. ]
[K[ Preparing to launch the tests. ]
[K[ Launching the test bench. ]
[K[ Grading exercise: control flow and backtracking. ]
[K"
a73d8376b084d8b62c3c20ebafa37973,Oct_29_2020_00:21:28.ml,0,grade,"[ Loading the prelude. ]
[K[ Preparing the test environment. ]
[K[ Loading your code. ]
[K[ Loading the solution. ]
[K[ Preparing to launch the tests. ]
[K[ Launching the test bench. ]
[K[ Grading exercise: control flow and backtracking. ]
[K"
c077a81dc8f73ea707aefbcf20856af4,Oct_30_2020_17:35:49.ml,0,grade,"[ Loading the prelude. ]
[K[ Preparing the test environment. ]
[K[ Loading your code. ]
[K[ Loading the solution. ]
[K[ Preparing to launch the tests. ]
[K[ Launching the test bench. ]
[K[ Grading exercise: control flow and backtracking. ]
[KKilled
"
c077a81dc8f73ea707aefbcf20856af4,Oct_30_2020_18:01:48.ml,0,grade,"[ Loading the prelude. ]
[K[ Preparing the test environment. ]
[K[ Loading your code. ]
[K[ Loading the solution. ]
[K[ Preparing to launch the tests. ]
[K[ Launching the test bench. ]
[K[ Grading exercise: control flow and backtracking. ]
[K"
c077a81dc8f73ea707aefbcf20856af4,Oct_30_2020_19:12:31.ml,0,grade,"[ Loading the prelude. ]
[K[ Preparing the test environment. ]
[K[ Loading your code. ]
[K[ Loading the solution. ]
[K[ Preparing to launch the tests. ]
[K[ Launching the test bench. ]
[K[ Grading exercise: control flow and backtracking. ]
[K"
c077a81dc8f73ea707aefbcf20856af4,Oct_30_2020_17:38:37.ml,0,grade,"[ Loading the prelude. ]
[K[ Preparing the test environment. ]
[K[ Loading your code. ]
[K[ Loading the solution. ]
[K[ Preparing to launch the tests. ]
[K[ Launching the test bench. ]
[K[ Grading exercise: control flow and backtracking. ]
[K"
2dc118fe809a96a285547b0ef396e0a2,Oct_30_2020_16:00:20.ml,0,grade,"[ Loading the prelude. ]
[K[ Preparing the test environment. ]
[K[ Loading your code. ]
[K[ Loading the solution. ]
[K[ Preparing to launch the tests. ]
[K[ Launching the test bench. ]
[K[ Grading exercise: control flow and backtracking. ]
[K"
2dc118fe809a96a285547b0ef396e0a2,Oct_30_2020_15:22:23.ml,0,grade,"[ Loading the prelude. ]
[K[ Preparing the test environment. ]
[K[ Loading your code. ]
[K[ Loading the solution. ]
[K[ Preparing to launch the tests. ]
[K[ Launching the test bench. ]
[K[ Grading exercise: control flow and backtracking. ]
[K"
2dc118fe809a96a285547b0ef396e0a2,Oct_30_2020_15:59:48.ml,0,grade,"[ Loading the prelude. ]
[K[ Preparing the test environment. ]
[K[ Loading your code. ]
[K[ Loading the solution. ]
[K[ Preparing to launch the tests. ]
[K[ Launching the test bench. ]
[K[ Grading exercise: control flow and backtracking. ]
[K"
2dc118fe809a96a285547b0ef396e0a2,Oct_31_2020_01:15:07.ml,0,grade,"[ Loading the prelude. ]
[K[ Preparing the test environment. ]
[K[ Loading your code. ]
[K[ Loading the solution. ]
[K[ Preparing to launch the tests. ]
[K[ Launching the test bench. ]
[K[ Grading exercise: control flow and backtracking. ]
[K"
2dc118fe809a96a285547b0ef396e0a2,Oct_30_2020_15:56:40.ml,0,grade,"[ Loading the prelude. ]
[K[ Preparing the test environment. ]
[K[ Loading your code. ]
[K[ Loading the solution. ]
[K[ Preparing to launch the tests. ]
[K[ Launching the test bench. ]
[K[ Grading exercise: control flow and backtracking. ]
[K"
2dc118fe809a96a285547b0ef396e0a2,Oct_30_2020_15:24:57.ml,0,grade,"[ Loading the prelude. ]
[K[ Preparing the test environment. ]
[K[ Loading your code. ]
[K[ Loading the solution. ]
[K[ Preparing to launch the tests. ]
[K[ Launching the test bench. ]
[K[ Grading exercise: control flow and backtracking. ]
[K"
2dc118fe809a96a285547b0ef396e0a2,Oct_31_2020_01:15:53.ml,0,grade,"[ Loading the prelude. ]
[K[ Preparing the test environment. ]
[K[ Loading your code. ]
[K[ Loading the solution. ]
[K[ Preparing to launch the tests. ]
[K[ Launching the test bench. ]
[K[ Grading exercise: control flow and backtracking. ]
[K"
2dc118fe809a96a285547b0ef396e0a2,Oct_31_2020_01:23:35.ml,0,grade,"[ Loading the prelude. ]
[K[ Preparing the test environment. ]
[K[ Loading your code. ]
[K[ Loading the solution. ]
[K[ Preparing to launch the tests. ]
[K[ Launching the test bench. ]
[K[ Grading exercise: control flow and backtracking. ]
[K"
2dc118fe809a96a285547b0ef396e0a2,Oct_30_2020_15:21:00.ml,0,grade,"[ Loading the prelude. ]
[K[ Preparing the test environment. ]
[K[ Loading your code. ]
[K[ Loading the solution. ]
[K[ Preparing to launch the tests. ]
[K[ Launching the test bench. ]
[K[ Grading exercise: control flow and backtracking. ]
[K"
e68675a048e4e850ceee38b97264d72f,Oct_29_2020_16:25:09.ml,0,grade,"[ Loading the prelude. ]
[K[ Preparing the test environment. ]
[K[ Loading your code. ]
[K[ Loading the solution. ]
[K[ Preparing to launch the tests. ]
[K[ Launching the test bench. ]
[K[ Grading exercise: control flow and backtracking. ]
[K"
e68675a048e4e850ceee38b97264d72f,Oct_29_2020_18:09:32.ml,0,grade,"[ Loading the prelude. ]
[K[ Preparing the test environment. ]
[K[ Loading your code. ]
[K[ Loading the solution. ]
[K[ Preparing to launch the tests. ]
[K[ Launching the test bench. ]
[K[ Grading exercise: control flow and backtracking. ]
[K"
e68675a048e4e850ceee38b97264d72f,Oct_29_2020_16:34:43.ml,0,grade,"[ Loading the prelude. ]
[K[ Preparing the test environment. ]
[K[ Loading your code. ]
[K[ Loading the solution. ]
[K[ Preparing to launch the tests. ]
[K[ Launching the test bench. ]
[K[ Grading exercise: control flow and backtracking. ]
[K"
1709b4a5fc3a0dcec1357dd186d7f368,Oct_30_2020_00:50:14.ml,0,grade,"[ Loading the prelude. ]
[K[ Preparing the test environment. ]
[K[ Loading your code. ]
[K[ Loading the solution. ]
[K[ Preparing to launch the tests. ]
[K[ Launching the test bench. ]
[K[ Grading exercise: control flow and backtracking. ]
[K"
1709b4a5fc3a0dcec1357dd186d7f368,Oct_29_2020_19:25:16.ml,0,grade,"[ Loading the prelude. ]
[K[ Preparing the test environment. ]
[K[ Loading your code. ]
[K[ Loading the solution. ]
[K[ Preparing to launch the tests. ]
[K[ Launching the test bench. ]
[K[ Grading exercise: control flow and backtracking. ]
[K"
1709b4a5fc3a0dcec1357dd186d7f368,Oct_29_2020_17:21:27.ml,0,grade,"[ Loading the prelude. ]
[K[ Preparing the test environment. ]
[K[ Loading your code. ]
[K[ Loading the solution. ]
[K[ Preparing to launch the tests. ]
[K[ Launching the test bench. ]
[K[ Grading exercise: control flow and backtracking. ]
[K"
1709b4a5fc3a0dcec1357dd186d7f368,Oct_30_2020_00:50:25.ml,0,grade,"[ Loading the prelude. ]
[K[ Preparing the test environment. ]
[K[ Loading your code. ]
[K[ Loading the solution. ]
[K[ Preparing to launch the tests. ]
[K[ Launching the test bench. ]
[K[ Grading exercise: control flow and backtracking. ]
[K"
1709b4a5fc3a0dcec1357dd186d7f368,Oct_29_2020_17:20:40.ml,0,grade,"[ Loading the prelude. ]
[K[ Preparing the test environment. ]
[K[ Loading your code. ]
[K[ Loading the solution. ]
[K[ Preparing to launch the tests. ]
[K[ Launching the test bench. ]
[K[ Grading exercise: control flow and backtracking. ]
[K"
1709b4a5fc3a0dcec1357dd186d7f368,Oct_30_2020_00:33:21.ml,0,grade,"[ Loading the prelude. ]
[K[ Preparing the test environment. ]
[K[ Loading your code. ]
[K[ Loading the solution. ]
[K[ Preparing to launch the tests. ]
[K[ Launching the test bench. ]
[K[ Grading exercise: control flow and backtracking. ]
[K"
1709b4a5fc3a0dcec1357dd186d7f368,Oct_29_2020_02:05:13.ml,0,grade,"[ Loading the prelude. ]
[K[ Preparing the test environment. ]
[K[ Loading your code. ]
[K[ Loading the solution. ]
[K[ Preparing to launch the tests. ]
[K[ Launching the test bench. ]
[K[ Grading exercise: control flow and backtracking. ]
[K"
1709b4a5fc3a0dcec1357dd186d7f368,Oct_30_2020_00:42:43.ml,0,grade,"[ Loading the prelude. ]
[K[ Preparing the test environment. ]
[K[ Loading your code. ]
[K[ Loading the solution. ]
[K[ Preparing to launch the tests. ]
[K[ Launching the test bench. ]
[K[ Grading exercise: control flow and backtracking. ]
[K"
1709b4a5fc3a0dcec1357dd186d7f368,Oct_29_2020_19:07:35.ml,0,grade,"[ Loading the prelude. ]
[K[ Preparing the test environment. ]
[K[ Loading your code. ]
[K[ Loading the solution. ]
[K[ Preparing to launch the tests. ]
[K[ Launching the test bench. ]
[K[ Grading exercise: control flow and backtracking. ]
[K"
1709b4a5fc3a0dcec1357dd186d7f368,Oct_29_2020_19:08:05.ml,0,grade,"[ Loading the prelude. ]
[K[ Preparing the test environment. ]
[K[ Loading your code. ]
[K[ Loading the solution. ]
[K[ Preparing to launch the tests. ]
[K[ Launching the test bench. ]
[K[ Grading exercise: control flow and backtracking. ]
[K"
1709b4a5fc3a0dcec1357dd186d7f368,Oct_29_2020_18:57:38.ml,0,grade,"[ Loading the prelude. ]
[K[ Preparing the test environment. ]
[K[ Loading your code. ]
[K[ Loading the solution. ]
[K[ Preparing to launch the tests. ]
[K[ Launching the test bench. ]
[K[ Grading exercise: control flow and backtracking. ]
[K"
1709b4a5fc3a0dcec1357dd186d7f368,Oct_30_2020_00:52:08.ml,0,grade,"[ Loading the prelude. ]
[K[ Preparing the test environment. ]
[K[ Loading your code. ]
[K[ Loading the solution. ]
[K[ Preparing to launch the tests. ]
[K[ Launching the test bench. ]
[K[ Grading exercise: control flow and backtracking. ]
[K"
1709b4a5fc3a0dcec1357dd186d7f368,Oct_29_2020_19:25:06.ml,0,grade,"[ Loading the prelude. ]
[K[ Preparing the test environment. ]
[K[ Loading your code. ]
[K[ Loading the solution. ]
[K[ Preparing to launch the tests. ]
[K[ Launching the test bench. ]
[K[ Grading exercise: control flow and backtracking. ]
[K"
1709b4a5fc3a0dcec1357dd186d7f368,Oct_29_2020_17:23:47.ml,0,grade,"[ Loading the prelude. ]
[K[ Preparing the test environment. ]
[K[ Loading your code. ]
[K[ Loading the solution. ]
[K[ Preparing to launch the tests. ]
[K[ Launching the test bench. ]
[K[ Grading exercise: control flow and backtracking. ]
[K"
1709b4a5fc3a0dcec1357dd186d7f368,Oct_29_2020_19:13:19.ml,0,grade,"[ Loading the prelude. ]
[K[ Preparing the test environment. ]
[K[ Loading your code. ]
[K[ Loading the solution. ]
[K[ Preparing to launch the tests. ]
[K[ Launching the test bench. ]
[K[ Grading exercise: control flow and backtracking. ]
[K"
1709b4a5fc3a0dcec1357dd186d7f368,Oct_29_2020_19:22:18.ml,0,grade,"[ Loading the prelude. ]
[K[ Preparing the test environment. ]
[K[ Loading your code. ]
[K[ Loading the solution. ]
[K[ Preparing to launch the tests. ]
[K[ Launching the test bench. ]
[K[ Grading exercise: control flow and backtracking. ]
[K"
1709b4a5fc3a0dcec1357dd186d7f368,Oct_29_2020_17:22:35.ml,0,grade,"[ Loading the prelude. ]
[K[ Preparing the test environment. ]
[K[ Loading your code. ]
[K[ Loading the solution. ]
[K[ Preparing to launch the tests. ]
[K[ Launching the test bench. ]
[K[ Grading exercise: control flow and backtracking. ]
[K"
1709b4a5fc3a0dcec1357dd186d7f368,Oct_29_2020_01:56:43.ml,0,grade,"[ Loading the prelude. ]
[K[ Preparing the test environment. ]
[K[ Loading your code. ]
[K[ Loading the solution. ]
[K[ Preparing to launch the tests. ]
[K[ Launching the test bench. ]
[K[ Grading exercise: control flow and backtracking. ]
[K"
1709b4a5fc3a0dcec1357dd186d7f368,Oct_29_2020_19:03:59.ml,0,grade,"[ Loading the prelude. ]
[K[ Preparing the test environment. ]
[K[ Loading your code. ]
[K[ Loading the solution. ]
[K[ Preparing to launch the tests. ]
[K[ Launching the test bench. ]
[K[ Grading exercise: control flow and backtracking. ]
[K"
1709b4a5fc3a0dcec1357dd186d7f368,Oct_30_2020_00:42:04.ml,0,grade,"[ Loading the prelude. ]
[K[ Preparing the test environment. ]
[K[ Loading your code. ]
[K[ Loading the solution. ]
[K[ Preparing to launch the tests. ]
[K[ Launching the test bench. ]
[K[ Grading exercise: control flow and backtracking. ]
[K"
1709b4a5fc3a0dcec1357dd186d7f368,Oct_29_2020_01:56:22.ml,0,grade,"[ Loading the prelude. ]
[K[ Preparing the test environment. ]
[K[ Loading your code. ]
[K[ Loading the solution. ]
[K[ Preparing to launch the tests. ]
[K[ Launching the test bench. ]
[K[ Grading exercise: control flow and backtracking. ]
[K"
1709b4a5fc3a0dcec1357dd186d7f368,Oct_30_2020_00:31:34.ml,0,grade,"[ Loading the prelude. ]
[K[ Preparing the test environment. ]
[K[ Loading your code. ]
[K[ Loading the solution. ]
[K[ Preparing to launch the tests. ]
[K[ Launching the test bench. ]
[K[ Grading exercise: control flow and backtracking. ]
[K"
1709b4a5fc3a0dcec1357dd186d7f368,Oct_29_2020_19:24:53.ml,0,grade,"[ Loading the prelude. ]
[K[ Preparing the test environment. ]
[K[ Loading your code. ]
[K[ Loading the solution. ]
[K[ Preparing to launch the tests. ]
[K[ Launching the test bench. ]
[K[ Grading exercise: control flow and backtracking. ]
[K"
1709b4a5fc3a0dcec1357dd186d7f368,Oct_29_2020_18:56:48.ml,0,grade,"[ Loading the prelude. ]
[K[ Preparing the test environment. ]
[K[ Loading your code. ]
[K[ Loading the solution. ]
[K[ Preparing to launch the tests. ]
[K[ Launching the test bench. ]
[K[ Grading exercise: control flow and backtracking. ]
[K"
1709b4a5fc3a0dcec1357dd186d7f368,Oct_29_2020_19:24:36.ml,0,grade,"[ Loading the prelude. ]
[K[ Preparing the test environment. ]
[K[ Loading your code. ]
[K[ Loading the solution. ]
[K[ Preparing to launch the tests. ]
[K[ Launching the test bench. ]
[K[ Grading exercise: control flow and backtracking. ]
[K"
6de01b2ffd5fb44596cc9a8950b52a3d,Oct_28_2020_07:20:48.ml,0,grade,"[ Loading the prelude. ]
[K[ Preparing the test environment. ]
[K[ Loading your code. ]
[K[ Loading the solution. ]
[K[ Preparing to launch the tests. ]
[K[ Launching the test bench. ]
[K[ Grading exercise: control flow and backtracking. ]
[K"
6de01b2ffd5fb44596cc9a8950b52a3d,Oct_28_2020_07:21:49.ml,0,grade,"[ Loading the prelude. ]
[K[ Preparing the test environment. ]
[K[ Loading your code. ]
[K[ Loading the solution. ]
[K[ Preparing to launch the tests. ]
[K[ Launching the test bench. ]
[K[ Grading exercise: control flow and backtracking. ]
[K"
6de01b2ffd5fb44596cc9a8950b52a3d,Oct_27_2020_20:49:55.ml,0,grade,"[ Loading the prelude. ]
[K[ Preparing the test environment. ]
[K[ Loading your code. ]
[K[ Loading the solution. ]
[K[ Preparing to launch the tests. ]
[K[ Launching the test bench. ]
[K[ Grading exercise: control flow and backtracking. ]
[K"
6de01b2ffd5fb44596cc9a8950b52a3d,Oct_27_2020_20:41:35.ml,0,grade,"[ Loading the prelude. ]
[K[ Preparing the test environment. ]
[K[ Loading your code. ]
[K[ Loading the solution. ]
[K[ Preparing to launch the tests. ]
[K[ Launching the test bench. ]
[K[ Grading exercise: control flow and backtracking. ]
[KKilled
"
6de01b2ffd5fb44596cc9a8950b52a3d,Oct_28_2020_07:23:14.ml,0,grade,"[ Loading the prelude. ]
[K[ Preparing the test environment. ]
[K[ Loading your code. ]
[K[ Loading the solution. ]
[K[ Preparing to launch the tests. ]
[K[ Launching the test bench. ]
[K[ Grading exercise: control flow and backtracking. ]
[K"
6de01b2ffd5fb44596cc9a8950b52a3d,Oct_27_2020_20:49:43.ml,0,grade,"[ Loading the prelude. ]
[K[ Preparing the test environment. ]
[K[ Loading your code. ]
[K[ Loading the solution. ]
[K[ Preparing to launch the tests. ]
[K[ Launching the test bench. ]
[K[ Grading exercise: control flow and backtracking. ]
[K"
6de01b2ffd5fb44596cc9a8950b52a3d,Oct_28_2020_07:11:17.ml,0,grade,"[ Loading the prelude. ]
[K[ Preparing the test environment. ]
[K[ Loading your code. ]
[K[ Loading the solution. ]
[K[ Preparing to launch the tests. ]
[K[ Launching the test bench. ]
[K[ Grading exercise: control flow and backtracking. ]
[K"
6de01b2ffd5fb44596cc9a8950b52a3d,Oct_28_2020_07:05:02.ml,0,grade,"[ Loading the prelude. ]
[K[ Preparing the test environment. ]
[K[ Loading your code. ]
[K[ Loading the solution. ]
[K[ Preparing to launch the tests. ]
[K[ Launching the test bench. ]
[K[ Grading exercise: control flow and backtracking. ]
[K"
d54baff9c3e9e5467505601b4b370289,Oct_28_2020_19:12:38.ml,0,grade,"[ Loading the prelude. ]
[K[ Preparing the test environment. ]
[K[ Loading your code. ]
[K[ Loading the solution. ]
[K[ Preparing to launch the tests. ]
[K[ Launching the test bench. ]
[K[ Grading exercise: control flow and backtracking. ]
[K"
66ea5d13aedcb5e6a2b5e15914d102f8,Oct_27_2020_21:53:26.ml,0,grade,"[ Loading the prelude. ]
[K[ Preparing the test environment. ]
[K[ Loading your code. ]
[K[ Loading the solution. ]
[K[ Preparing to launch the tests. ]
[K[ Launching the test bench. ]
[K[ Grading exercise: control flow and backtracking. ]
[K"
bb82eeafa80bd4a30c4f4bb10296098d,Oct_29_2020_22:58:18.ml,0,grade,"[ Loading the prelude. ]
[K[ Preparing the test environment. ]
[K[ Loading your code. ]
[K[ Loading the solution. ]
[K[ Preparing to launch the tests. ]
[K[ Launching the test bench. ]
[K[ Grading exercise: control flow and backtracking. ]
[K"
e94ed6c369997299624028ad6be817ea,Oct_30_2020_01:19:26.ml,0,grade,"[ Loading the prelude. ]
[K[ Preparing the test environment. ]
[K[ Loading your code. ]
[K[ Loading the solution. ]
[K[ Preparing to launch the tests. ]
[K[ Launching the test bench. ]
[K[ Grading exercise: control flow and backtracking. ]
[KKilled
"
83bcbfc18093cc1dedaa07566007a1f5,Oct_27_2020_21:50:16.ml,0,grade,"[ Loading the prelude. ]
[K[ Preparing the test environment. ]
[K[ Loading your code. ]
[K[ Loading the solution. ]
[K[ Preparing to launch the tests. ]
[K[ Launching the test bench. ]
[K[ Grading exercise: control flow and backtracking. ]
[KKilled
"
83bcbfc18093cc1dedaa07566007a1f5,Oct_27_2020_21:55:15.ml,0,grade,"[ Loading the prelude. ]
[K[ Preparing the test environment. ]
[K[ Loading your code. ]
[K[ Loading the solution. ]
[K[ Preparing to launch the tests. ]
[K[ Launching the test bench. ]
[K[ Grading exercise: control flow and backtracking. ]
[K"
01c66550e87b2a0498dbaf67a69a802c,Oct_31_2020_00:31:10.ml,0,grade,"[ Loading the prelude. ]
[K[ Preparing the test environment. ]
[K[ Loading your code. ]
[K[ Loading the solution. ]
[K[ Preparing to launch the tests. ]
[K[ Launching the test bench. ]
[K[ Grading exercise: control flow and backtracking. ]
[K"
01c66550e87b2a0498dbaf67a69a802c,Oct_31_2020_00:33:03.ml,0,grade,"[ Loading the prelude. ]
[K[ Preparing the test environment. ]
[K[ Loading your code. ]
[K[ Loading the solution. ]
[K[ Preparing to launch the tests. ]
[K[ Launching the test bench. ]
[K[ Grading exercise: control flow and backtracking. ]
[K"
01c66550e87b2a0498dbaf67a69a802c,Oct_31_2020_00:48:09.ml,0,grade,"[ Loading the prelude. ]
[K[ Preparing the test environment. ]
[K[ Loading your code. ]
[K[ Loading the solution. ]
[K[ Preparing to launch the tests. ]
[K[ Launching the test bench. ]
[K[ Grading exercise: control flow and backtracking. ]
[K"
01c66550e87b2a0498dbaf67a69a802c,Oct_31_2020_00:57:22.ml,0,grade,"[ Loading the prelude. ]
[K[ Preparing the test environment. ]
[K[ Loading your code. ]
[K[ Loading the solution. ]
[K[ Preparing to launch the tests. ]
[K[ Launching the test bench. ]
[K[ Grading exercise: control flow and backtracking. ]
[K"
01c66550e87b2a0498dbaf67a69a802c,Oct_31_2020_01:00:17.ml,0,grade,"[ Loading the prelude. ]
[K[ Preparing the test environment. ]
[K[ Loading your code. ]
[K[ Loading the solution. ]
[K[ Preparing to launch the tests. ]
[K[ Launching the test bench. ]
[K[ Grading exercise: control flow and backtracking. ]
[K"
5547acedc6f91b0d9d200e30ee842399,Oct_23_2020_16:12:23.ml,0,grade,"[ Loading the prelude. ]
[K[ Preparing the test environment. ]
[K[ Loading your code. ]
[K[ Loading the solution. ]
[K[ Preparing to launch the tests. ]
[K[ Launching the test bench. ]
[K[ Grading exercise: control flow and backtracking. ]
[K"
1f008758750b6177fe85db106772ea0c,Oct_25_2020_04:00:54.ml,0,grade,"[ Loading the prelude. ]
[K[ Preparing the test environment. ]
[K[ Loading your code. ]
[K[ Loading the solution. ]
[K[ Preparing to launch the tests. ]
[K[ Launching the test bench. ]
[K[ Grading exercise: control flow and backtracking. ]
[K"
aaeeedba617dd9868e18f6bf82cc838e,Oct_30_2020_20:13:16.ml,0,grade,"[ Loading the prelude. ]
[K[ Preparing the test environment. ]
[K[ Loading your code. ]
[K[ Loading the solution. ]
[K[ Preparing to launch the tests. ]
[K[ Launching the test bench. ]
[K[ Grading exercise: control flow and backtracking. ]
[K"
aaeeedba617dd9868e18f6bf82cc838e,Oct_30_2020_20:18:42.ml,0,grade,"[ Loading the prelude. ]
[K[ Preparing the test environment. ]
[K[ Loading your code. ]
[K[ Loading the solution. ]
[K[ Preparing to launch the tests. ]
[K[ Launching the test bench. ]
[K[ Grading exercise: control flow and backtracking. ]
[K"
aaeeedba617dd9868e18f6bf82cc838e,Oct_30_2020_20:14:28.ml,0,grade,"[ Loading the prelude. ]
[K[ Preparing the test environment. ]
[K[ Loading your code. ]
[K[ Loading the solution. ]
[K[ Preparing to launch the tests. ]
[K[ Launching the test bench. ]
[K[ Grading exercise: control flow and backtracking. ]
[K"
aaeeedba617dd9868e18f6bf82cc838e,Oct_30_2020_20:23:15.ml,0,grade,"[ Loading the prelude. ]
[K[ Preparing the test environment. ]
[K[ Loading your code. ]
[K[ Loading the solution. ]
[K[ Preparing to launch the tests. ]
[K[ Launching the test bench. ]
[K[ Grading exercise: control flow and backtracking. ]
[K"
aaeeedba617dd9868e18f6bf82cc838e,Oct_30_2020_20:20:31.ml,0,grade,"[ Loading the prelude. ]
[K[ Preparing the test environment. ]
[K[ Loading your code. ]
[K[ Loading the solution. ]
[K[ Preparing to launch the tests. ]
[K[ Launching the test bench. ]
[K[ Grading exercise: control flow and backtracking. ]
[K"
aaeeedba617dd9868e18f6bf82cc838e,Oct_30_2020_20:11:44.ml,0,grade,"[ Loading the prelude. ]
[K[ Preparing the test environment. ]
[K[ Loading your code. ]
[K[ Loading the solution. ]
[K[ Preparing to launch the tests. ]
[K[ Launching the test bench. ]
[K[ Grading exercise: control flow and backtracking. ]
[K"
aaeeedba617dd9868e18f6bf82cc838e,Oct_30_2020_20:10:15.ml,0,grade,"[ Loading the prelude. ]
[K[ Preparing the test environment. ]
[K[ Loading your code. ]
[K[ Loading the solution. ]
[K[ Preparing to launch the tests. ]
[K[ Launching the test bench. ]
[K[ Grading exercise: control flow and backtracking. ]
[K"
1a3252ea5002e6689c17cdb96bd099f9,Oct_25_2020_11:57:51.ml,0,grade,"[ Loading the prelude. ]
[K[ Preparing the test environment. ]
[K[ Loading your code. ]
[K[ Loading the solution. ]
[K[ Preparing to launch the tests. ]
[K[ Launching the test bench. ]
[K[ Grading exercise: control flow and backtracking. ]
[KKilled
"
